<?xml version="1.0" encoding="utf-8"?>
<resources>

    <style name="EstiloBoton" parent="Widget.AppCompat.Button">
        <!-- Aquí puedes definir los atributos de View, TextView y Button que desees -->
        <item name="android:textColor">#AEBAFA</item>
<!--        <item name="paddingBottomNoButtons">90dp</item>-->
    </style>

    <style name="EstiloBoton.Alternativo" parent="EstiloBoton">
        <!-- Aquí puedes modificar los atributos de EstiloBoton y añadir otros -->
        <item name="android:textColor">#947B9A</item> <!-- Cambia el color del texto a negro -->
        <item name="android:padding">10dp</item> <!-- Añade padding al botón -->
    </style>

    <style name="AppTheme" parent="Theme.AppCompat.Light.DarkActionBar">
        <!-- Customize your theme here. -->
        <item name="android:typeface">serif</item>
        <item name="android:textColor">#0000FF</item>
    </style>

</resources>

