{
  "project_info": {
    "project_number": "200182671797",
    "project_id": "mis-lugares-ae150",
    "storage_bucket": "mis-lugares-ae150.appspot.com"
  },
  "client": [
    {
      "client_info": {
        "mobilesdk_app_id": "1:200182671797:android:5e65cb602bd05b4c73d1fc",
        "android_client_info": {
          "package_name": "com.example.mislugaresfirebase"
        }
      },
      "oauth_client": [
        {
          "client_id": "200182671797-bovevp1j5gp2rbdr0lltm4bv6rpti504.apps.googleusercontent.com",
          "client_type": 1,
          "android_info": {
            "package_name": "com.example.mislugaresfirebase",
            "certificate_hash": "dc3c52ca2a3ea54ad502ce6fc129794095a9ddbc"
          }
        },
        {
          "client_id": "200182671797-16ss077b3c9l3a5qmvo1b1o91lb2sqg6.apps.googleusercontent.com",
          "client_type": 3
        }
      ],
      "api_key": [
        {
          "current_key": "AIzaSyC8QeinqUxN2vfy7WXsLCGIrXtsC5rf_TM"
        }
      ],
      "services": {
        "appinvite_service": {
          "other_platform_oauth_client": [
            {
              "client_id": "200182671797-16ss077b3c9l3a5qmvo1b1o91lb2sqg6.apps.googleusercontent.com",
              "client_type": 3
            }
          ]
        }
      }
    }
  ],
  "configuration_version": "1"
}